text;model;scale;items;.score;comment
Каждый раз, когда я ношу вещи от Umbrella, получаю комплименты от тех, кто разбирается в моде.;cointegrated/rubert-base-cased-nli-threeway;Инновационность;устаревший – сдержанный – инновационный;0,577577736228704;
Каждый раз, когда я ношу вещи от Umbrella, получаю комплименты от тех, кто разбирается в моде.;cointegrated/rubert-base-cased-nli-threeway;Инновационность;отсталый – стабильный – изобретательный;0,789052836596966;
Каждый раз, когда я ношу вещи от Umbrella, получаю комплименты от тех, кто разбирается в моде.;cointegrated/rubert-base-cased-nli-threeway;Популярность;немодный – адекватный – модный;0,820278214290738;
Каждый раз, когда я ношу вещи от Umbrella, получаю комплименты от тех, кто разбирается в моде.;cointegrated/rubert-base-cased-nli-threeway;Популярность;неактуальный – специфический – молодежный;0,0512262359261513;
Каждый раз, когда я ношу вещи от Umbrella, получаю комплименты от тех, кто разбирается в моде.;cointegrated/rubert-base-cased-nli-threeway;Популярность;непопулярный – известный – популярный;0,354377340525389;
Каждый раз, когда я ношу вещи от Umbrella, получаю комплименты от тех, кто разбирается в моде.;cointegrated/rubert-base-cased-nli-threeway;Популярность;малоизвестный – элитарный – знаменитый;0,463152673095465;
Каждый раз, когда я ношу вещи от Umbrella, получаю комплименты от тех, кто разбирается в моде.;cointegrated/rubert-base-cased-nli-threeway;Надежность;ненадежный – нормальный – надежный;0,447460561990738;
Каждый раз, когда я ношу вещи от Umbrella, получаю комплименты от тех, кто разбирается в моде.;cointegrated/rubert-base-cased-nli-threeway;Надежность;некачественный – обычный – качественный;0,572044115513563;
Каждый раз, когда я ношу вещи от Umbrella, получаю комплименты от тех, кто разбирается в моде.;cointegrated/rubert-base-cased-nli-threeway;Надежность;хлипкий – стандартный – прочный;0,321421504020691;
Каждый раз, когда я ношу вещи от Umbrella, получаю комплименты от тех, кто разбирается в моде.;cointegrated/rubert-base-cased-nli-threeway;Уникальность;бренд для массового потребителя – доступный бренд – бренд для настоящих ценителей;-0,0671744346618652;
Каждый раз, когда я ношу вещи от Umbrella, получаю комплименты от тех, кто разбирается в моде.;cointegrated/rubert-base-cased-nli-threeway;Уникальность;массовый бренд – известный бренд – уникальный бренд;0,239292666316032;
Каждый раз, когда я ношу вещи от Umbrella, получаю комплименты от тех, кто разбирается в моде.;cointegrated/rubert-base-cased-nli-threeway;Уникальность;символ дурного вкуса – простой и понятный бренд – символ хорошего вкуса;0,842230586335063;
Продукция Umbrella рассчитана на массового потребителя. Эстеты оносятся к ней с презрением.;phi4:latest;Инновационность;;0;Текст не содержит информации, позволяющей оценить инновационность бренда Y.
Продукция Umbrella рассчитана на массового потребителя. Эстеты оносятся к ней с презрением.;phi4:latest;Популярность;;0,6;Из текста можно сделать вывод, что продукция Y рассчитана на массового потребителя, что указывает на определенную популярность.
Продукция Umbrella рассчитана на массового потребителя. Эстеты оносятся к ней с презрением.;phi4:latest;Надежность;;0;Текст не содержит информации о надежности продукции Y.
Продукция Umbrella рассчитана на массового потребителя. Эстеты оносятся к ней с презрением.;phi4:latest;Уникальность;;-0,6;Из текста можно сделать вывод, что бренд Y воспринимается эстетами с презрением, что указывает на отсутствие уникальности и индивидуальности.
Продукция Umbrella рассчитана на массового потребителя. Эстеты оносятся к ней с презрением.;joeddav/xlm-roberta-large-xnli;Инновационность;устаревший – сдержанный – инновационный;-0,0907039120793343;
Продукция Umbrella рассчитана на массового потребителя. Эстеты оносятся к ней с презрением.;joeddav/xlm-roberta-large-xnli;Инновационность;отсталый – стабильный – изобретательный;-0,0872589200735092;
Продукция Umbrella рассчитана на массового потребителя. Эстеты оносятся к ней с презрением.;joeddav/xlm-roberta-large-xnli;Популярность;немодный – адекватный – модный;0,121115133166313;
Продукция Umbrella рассчитана на массового потребителя. Эстеты оносятся к ней с презрением.;joeddav/xlm-roberta-large-xnli;Популярность;неактуальный – специфический – молодежный;0,857127442955971;
Продукция Umbrella рассчитана на массового потребителя. Эстеты оносятся к ней с презрением.;joeddav/xlm-roberta-large-xnli;Популярность;непопулярный – известный – популярный;0,331139726564288;
Продукция Umbrella рассчитана на массового потребителя. Эстеты оносятся к ней с презрением.;joeddav/xlm-roberta-large-xnli;Популярность;малоизвестный – элитарный – знаменитый;0,167730450630188;
Продукция Umbrella рассчитана на массового потребителя. Эстеты оносятся к ней с презрением.;joeddav/xlm-roberta-large-xnli;Надежность;ненадежный – нормальный – надежный;0,0029468908905983;
Продукция Umbrella рассчитана на массового потребителя. Эстеты оносятся к ней с презрением.;joeddav/xlm-roberta-large-xnli;Надежность;некачественный – обычный – качественный;0,00171597069129348;
Продукция Umbrella рассчитана на массового потребителя. Эстеты оносятся к ней с презрением.;joeddav/xlm-roberta-large-xnli;Надежность;хлипкий – стандартный – прочный;-0,0561590380966663;
Продукция Umbrella рассчитана на массового потребителя. Эстеты оносятся к ней с презрением.;joeddav/xlm-roberta-large-xnli;Уникальность;бренд для массового потребителя – доступный бренд – бренд для настоящих ценителей;-0,803866117901634;
Продукция Umbrella рассчитана на массового потребителя. Эстеты оносятся к ней с презрением.;joeddav/xlm-roberta-large-xnli;Уникальность;массовый бренд – обычный бренд – уникальный бренд;-0,821110626100563;
Продукция Umbrella рассчитана на массового потребителя. Эстеты оносятся к ней с презрением.;joeddav/xlm-roberta-large-xnli;Уникальность;символ дурного вкуса – простой и понятный бренд – символ хорошего вкуса;-0,126671224832535;
Продукция Umbrella рассчитана на массового потребителя. Эстеты оносятся к ней с презрением.;MoritzLaurer/multilingual-MiniLMv2-L6-mnli-xnli;Инновационность;устаревший – сдержанный – инновационный;0,00119169056415558;
Продукция Umbrella рассчитана на массового потребителя. Эстеты оносятся к ней с презрением.;MoritzLaurer/multilingual-MiniLMv2-L6-mnli-xnli;Инновационность;отсталый – стабильный – изобретательный;-0,138435058295727;
Продукция Umbrella рассчитана на массового потребителя. Эстеты оносятся к ней с презрением.;MoritzLaurer/multilingual-MiniLMv2-L6-mnli-xnli;Популярность;немодный – адекватный – модный;0,180521935224533;
Продукция Umbrella рассчитана на массового потребителя. Эстеты оносятся к ней с презрением.;MoritzLaurer/multilingual-MiniLMv2-L6-mnli-xnli;Популярность;неактуальный – специфический – молодежный;0,149081718176603;
Продукция Umbrella рассчитана на массового потребителя. Эстеты оносятся к ней с презрением.;MoritzLaurer/multilingual-MiniLMv2-L6-mnli-xnli;Популярность;непопулярный – известный – популярный;0,899986388161778;
Продукция Umbrella рассчитана на массового потребителя. Эстеты оносятся к ней с презрением.;MoritzLaurer/multilingual-MiniLMv2-L6-mnli-xnli;Популярность;малоизвестный – элитарный – знаменитый;0,174047980457544;
Продукция Umbrella рассчитана на массового потребителя. Эстеты оносятся к ней с презрением.;MoritzLaurer/multilingual-MiniLMv2-L6-mnli-xnli;Надежность;ненадежный – нормальный – надежный;0,36155378818512;
Продукция Umbrella рассчитана на массового потребителя. Эстеты оносятся к ней с презрением.;MoritzLaurer/multilingual-MiniLMv2-L6-mnli-xnli;Надежность;некачественный – обычный – качественный;0,570795062929392;
Продукция Umbrella рассчитана на массового потребителя. Эстеты оносятся к ней с презрением.;MoritzLaurer/multilingual-MiniLMv2-L6-mnli-xnli;Надежность;хлипкий – стандартный – прочный;0,804703838191926;
Продукция Umbrella рассчитана на массового потребителя. Эстеты оносятся к ней с презрением.;MoritzLaurer/multilingual-MiniLMv2-L6-mnli-xnli;Уникальность;бренд для массового потребителя – доступный бренд – бренд для настоящих ценителей;-0,444210216403008;
Продукция Umbrella рассчитана на массового потребителя. Эстеты оносятся к ней с презрением.;MoritzLaurer/multilingual-MiniLMv2-L6-mnli-xnli;Уникальность;массовый бренд – обычный бренд – уникальный бренд;-0,956437471322715;
Продукция Umbrella рассчитана на массового потребителя. Эстеты оносятся к ней с презрением.;MoritzLaurer/multilingual-MiniLMv2-L6-mnli-xnli;Уникальность;символ дурного вкуса – простой и понятный бренд – символ хорошего вкуса;0,330300554633141;
Продукция Umbrella рассчитана на массового потребителя. Эстеты оносятся к ней с презрением.;MoritzLaurer/xlm-v-base-mnli-xnli;Инновационность;устаревший – сдержанный – инновационный;0,307835135608912;
Продукция Umbrella рассчитана на массового потребителя. Эстеты оносятся к ней с презрением.;MoritzLaurer/xlm-v-base-mnli-xnli;Инновационность;отсталый – стабильный – изобретательный;0,195838138461113;
Продукция Umbrella рассчитана на массового потребителя. Эстеты оносятся к ней с презрением.;MoritzLaurer/xlm-v-base-mnli-xnli;Популярность;немодный – адекватный – модный;0,405209347605705;
Продукция Umbrella рассчитана на массового потребителя. Эстеты оносятся к ней с презрением.;MoritzLaurer/xlm-v-base-mnli-xnli;Популярность;неактуальный – специфический – молодежный;0,477551771327853;
Продукция Umbrella рассчитана на массового потребителя. Эстеты оносятся к ней с презрением.;MoritzLaurer/xlm-v-base-mnli-xnli;Популярность;непопулярный – известный – популярный;0,955197782255709;
Продукция Umbrella рассчитана на массового потребителя. Эстеты оносятся к ней с презрением.;MoritzLaurer/xlm-v-base-mnli-xnli;Популярность;малоизвестный – элитарный – знаменитый;-0,495774976909161;
Продукция Umbrella рассчитана на массового потребителя. Эстеты оносятся к ней с презрением.;MoritzLaurer/xlm-v-base-mnli-xnli;Надежность;ненадежный – нормальный – надежный;-0,0794491320848465;
Продукция Umbrella рассчитана на массового потребителя. Эстеты оносятся к ней с презрением.;MoritzLaurer/xlm-v-base-mnli-xnli;Надежность;некачественный – обычный – качественный;0,0232106074690819;
Продукция Umbrella рассчитана на массового потребителя. Эстеты оносятся к ней с презрением.;MoritzLaurer/xlm-v-base-mnli-xnli;Надежность;хлипкий – стандартный – прочный;-0,00327674299478531;
Продукция Umbrella рассчитана на массового потребителя. Эстеты оносятся к ней с презрением.;MoritzLaurer/xlm-v-base-mnli-xnli;Уникальность;бренд для массового потребителя – доступный бренд – бренд для настоящих ценителей;-0,994045115541667;
Продукция Umbrella рассчитана на массового потребителя. Эстеты оносятся к ней с презрением.;MoritzLaurer/xlm-v-base-mnli-xnli;Уникальность;массовый бренд – обычный бренд – уникальный бренд;-0,994580083177425;
Продукция Umbrella рассчитана на массового потребителя. Эстеты оносятся к ней с презрением.;MoritzLaurer/xlm-v-base-mnli-xnli;Уникальность;символ дурного вкуса – простой и понятный бренд – символ хорошего вкуса;0,0116810649633408;
Продукция Umbrella рассчитана на массового потребителя. Эстеты оносятся к ней с презрением.;sileod/mdeberta-v3-base-tasksource-nli;Инновационность;устаревший – сдержанный – инновационный;0,631306324154139;
Продукция Umbrella рассчитана на массового потребителя. Эстеты оносятся к ней с презрением.;sileod/mdeberta-v3-base-tasksource-nli;Инновационность;отсталый – стабильный – изобретательный;0,368334129452705;
Продукция Umbrella рассчитана на массового потребителя. Эстеты оносятся к ней с презрением.;sileod/mdeberta-v3-base-tasksource-nli;Популярность;немодный – адекватный – модный;-0,304134786128998;
Продукция Umbrella рассчитана на массового потребителя. Эстеты оносятся к ней с презрением.;sileod/mdeberta-v3-base-tasksource-nli;Популярность;неактуальный – специфический – молодежный;-0,144540347158909;
Продукция Umbrella рассчитана на массового потребителя. Эстеты оносятся к ней с презрением.;sileod/mdeberta-v3-base-tasksource-nli;Популярность;непопулярный – известный – популярный;-0,260967969894409;
Продукция Umbrella рассчитана на массового потребителя. Эстеты оносятся к ней с презрением.;sileod/mdeberta-v3-base-tasksource-nli;Популярность;малоизвестный – элитарный – знаменитый;-0,545800015330315;
Продукция Umbrella рассчитана на массового потребителя. Эстеты оносятся к ней с презрением.;sileod/mdeberta-v3-base-tasksource-nli;Надежность;ненадежный – нормальный – надежный;0,0122425705194473;
Продукция Umbrella рассчитана на массового потребителя. Эстеты оносятся к ней с презрением.;sileod/mdeberta-v3-base-tasksource-nli;Надежность;некачественный – обычный – качественный;0,010523839853704;
Продукция Umbrella рассчитана на массового потребителя. Эстеты оносятся к ней с презрением.;sileod/mdeberta-v3-base-tasksource-nli;Надежность;хлипкий – стандартный – прочный;-0,0288327634334564;
Продукция Umbrella рассчитана на массового потребителя. Эстеты оносятся к ней с презрением.;sileod/mdeberta-v3-base-tasksource-nli;Уникальность;бренд для массового потребителя – доступный бренд – бренд для настоящих ценителей;-0,423936493694782;
Продукция Umbrella рассчитана на массового потребителя. Эстеты оносятся к ней с презрением.;sileod/mdeberta-v3-base-tasksource-nli;Уникальность;массовый бренд – обычный бренд – уникальный бренд;-0,49081133492291;
Продукция Umbrella рассчитана на массового потребителя. Эстеты оносятся к ней с презрением.;sileod/mdeberta-v3-base-tasksource-nli;Уникальность;символ дурного вкуса – простой и понятный бренд – символ хорошего вкуса;-0,154614254832268;
Продукция Umbrella рассчитана на массового потребителя. Эстеты оносятся к ней с презрением.;mjwong/mcontriever-msmarco-xnli;Инновационность;устаревший – сдержанный – инновационный;0,170418366789818;
Продукция Umbrella рассчитана на массового потребителя. Эстеты оносятся к ней с презрением.;mjwong/mcontriever-msmarco-xnli;Инновационность;отсталый – стабильный – изобретательный;-0,286302849650383;
Продукция Umbrella рассчитана на массового потребителя. Эстеты оносятся к ней с презрением.;mjwong/mcontriever-msmarco-xnli;Популярность;немодный – адекватный – модный;-0,0974774956703186;
Продукция Umbrella рассчитана на массового потребителя. Эстеты оносятся к ней с презрением.;mjwong/mcontriever-msmarco-xnli;Популярность;неактуальный – специфический – молодежный;-0,0486783236265182;
Продукция Umbrella рассчитана на массового потребителя. Эстеты оносятся к ней с презрением.;mjwong/mcontriever-msmarco-xnli;Популярность;непопулярный – известный – популярный;0,735268916934729;
Продукция Umbrella рассчитана на массового потребителя. Эстеты оносятся к ней с презрением.;mjwong/mcontriever-msmarco-xnli;Популярность;малоизвестный – элитарный – знаменитый;0,0355564653873444;
Продукция Umbrella рассчитана на массового потребителя. Эстеты оносятся к ней с презрением.;mjwong/mcontriever-msmarco-xnli;Надежность;ненадежный – нормальный – надежный;-0,436013802886009;
Продукция Umbrella рассчитана на массового потребителя. Эстеты оносятся к ней с презрением.;mjwong/mcontriever-msmarco-xnli;Надежность;некачественный – обычный – качественный;0,0185668170452118;
Продукция Umbrella рассчитана на массового потребителя. Эстеты оносятся к ней с презрением.;mjwong/mcontriever-msmarco-xnli;Надежность;хлипкий – стандартный – прочный;-0,105073899030685;
Продукция Umbrella рассчитана на массового потребителя. Эстеты оносятся к ней с презрением.;mjwong/mcontriever-msmarco-xnli;Уникальность;бренд для массового потребителя – доступный бренд – бренд для настоящих ценителей;-0,444526344537735;
Продукция Umbrella рассчитана на массового потребителя. Эстеты оносятся к ней с презрением.;mjwong/mcontriever-msmarco-xnli;Уникальность;массовый бренд – обычный бренд – уникальный бренд;-0,740551292896271;
Продукция Umbrella рассчитана на массового потребителя. Эстеты оносятся к ней с презрением.;mjwong/mcontriever-msmarco-xnli;Уникальность;символ дурного вкуса – простой и понятный бренд – символ хорошего вкуса;-0,35248014330864;
Продукция Umbrella рассчитана на массового потребителя. Эстеты оносятся к ней с презрением.;joeddav/xlm-roberta-large-xnli;Инновационность;устаревший – сдержанный – инновационный;-0,0907039120793343;
Продукция Umbrella рассчитана на массового потребителя. Эстеты оносятся к ней с презрением.;joeddav/xlm-roberta-large-xnli;Инновационность;отсталый – стабильный – изобретательный;-0,0872589200735092;
Продукция Umbrella рассчитана на массового потребителя. Эстеты оносятся к ней с презрением.;joeddav/xlm-roberta-large-xnli;Популярность;немодный – адекватный – модный;0,121115133166313;
Продукция Umbrella рассчитана на массового потребителя. Эстеты оносятся к ней с презрением.;joeddav/xlm-roberta-large-xnli;Популярность;неактуальный – специфический – молодежный;0,857127442955971;
Продукция Umbrella рассчитана на массового потребителя. Эстеты оносятся к ней с презрением.;joeddav/xlm-roberta-large-xnli;Популярность;непопулярный – известный – популярный;0,331139726564288;
Продукция Umbrella рассчитана на массового потребителя. Эстеты оносятся к ней с презрением.;joeddav/xlm-roberta-large-xnli;Популярность;малоизвестный – элитарный – знаменитый;0,167730450630188;
Продукция Umbrella рассчитана на массового потребителя. Эстеты оносятся к ней с презрением.;joeddav/xlm-roberta-large-xnli;Надежность;ненадежный – нормальный – надежный;0,0029468908905983;
Продукция Umbrella рассчитана на массового потребителя. Эстеты оносятся к ней с презрением.;joeddav/xlm-roberta-large-xnli;Надежность;некачественный – обычный – качественный;0,00171597069129348;
Продукция Umbrella рассчитана на массового потребителя. Эстеты оносятся к ней с презрением.;joeddav/xlm-roberta-large-xnli;Надежность;хлипкий – стандартный – прочный;-0,0561590380966663;
Продукция Umbrella рассчитана на массового потребителя. Эстеты оносятся к ней с презрением.;joeddav/xlm-roberta-large-xnli;Уникальность;бренд для массового потребителя – доступный бренд – бренд для настоящих ценителей;-0,803866117901634;
Продукция Umbrella рассчитана на массового потребителя. Эстеты оносятся к ней с презрением.;joeddav/xlm-roberta-large-xnli;Уникальность;массовый бренд – обычный бренд – уникальный бренд;-0,821110626100563;
Продукция Umbrella рассчитана на массового потребителя. Эстеты оносятся к ней с презрением.;joeddav/xlm-roberta-large-xnli;Уникальность;символ дурного вкуса – простой и понятный бренд – символ хорошего вкуса;-0,126671224832535;
Продукция Umbrella рассчитана на массового потребителя. Эстеты оносятся к ней с презрением.;symanto/xlm-roberta-base-snli-mnli-anli-xnli;Инновационность;устаревший – сдержанный – инновационный;0,069459855556488;
Продукция Umbrella рассчитана на массового потребителя. Эстеты оносятся к ней с презрением.;symanto/xlm-roberta-base-snli-mnli-anli-xnli;Инновационность;отсталый – стабильный – изобретательный;0,193608090281487;
Продукция Umbrella рассчитана на массового потребителя. Эстеты оносятся к ней с презрением.;symanto/xlm-roberta-base-snli-mnli-anli-xnli;Популярность;немодный – адекватный – модный;0,813462413847446;
Продукция Umbrella рассчитана на массового потребителя. Эстеты оносятся к ней с презрением.;symanto/xlm-roberta-base-snli-mnli-anli-xnli;Популярность;неактуальный – специфический – молодежный;0,75929269939661;
Продукция Umbrella рассчитана на массового потребителя. Эстеты оносятся к ней с презрением.;symanto/xlm-roberta-base-snli-mnli-anli-xnli;Популярность;непопулярный – известный – популярный;0,942479036282748;
Продукция Umbrella рассчитана на массового потребителя. Эстеты оносятся к ней с презрением.;symanto/xlm-roberta-base-snli-mnli-anli-xnli;Популярность;малоизвестный – элитарный – знаменитый;0,753220483660698;
Продукция Umbrella рассчитана на массового потребителя. Эстеты оносятся к ней с презрением.;symanto/xlm-roberta-base-snli-mnli-anli-xnli;Надежность;ненадежный – нормальный – надежный;0,183538928627968;
Продукция Umbrella рассчитана на массового потребителя. Эстеты оносятся к ней с презрением.;symanto/xlm-roberta-base-snli-mnli-anli-xnli;Надежность;некачественный – обычный – качественный;0,0432208329439163;
Продукция Umbrella рассчитана на массового потребителя. Эстеты оносятся к ней с презрением.;symanto/xlm-roberta-base-snli-mnli-anli-xnli;Надежность;хлипкий – стандартный – прочный;-0,0620644614100456;
Продукция Umbrella рассчитана на массового потребителя. Эстеты оносятся к ней с презрением.;symanto/xlm-roberta-base-snli-mnli-anli-xnli;Уникальность;бренд для массового потребителя – доступный бренд – бренд для настоящих ценителей;-0,0674994445871562;
Продукция Umbrella рассчитана на массового потребителя. Эстеты оносятся к ней с презрением.;symanto/xlm-roberta-base-snli-mnli-anli-xnli;Уникальность;массовый бренд – обычный бренд – уникальный бренд;-0,749486857559532;
Продукция Umbrella рассчитана на массового потребителя. Эстеты оносятся к ней с презрением.;symanto/xlm-roberta-base-snli-mnli-anli-xnli;Уникальность;символ дурного вкуса – простой и понятный бренд – символ хорошего вкуса;0,0283511579036713;
Продукция Umbrella рассчитана на массового потребителя. Эстеты оносятся к ней с презрением.;symanto/xlm-roberta-base-snli-mnli-anli-xnli;Инновационность;устаревший – сдержанный – инновационный;0,983216447755694;
Продукция Umbrella рассчитана на массового потребителя. Эстеты оносятся к ней с презрением.;symanto/xlm-roberta-base-snli-mnli-anli-xnli;Инновационность;отсталый – стабильный – изобретательный;0,779960826039314;
Продукция Umbrella рассчитана на массового потребителя. Эстеты оносятся к ней с презрением.;symanto/xlm-roberta-base-snli-mnli-anli-xnli;Популярность;немодный – адекватный – модный;0,994934879476205;
Продукция Umbrella рассчитана на массового потребителя. Эстеты оносятся к ней с презрением.;symanto/xlm-roberta-base-snli-mnli-anli-xnli;Популярность;неактуальный – специфический – молодежный;0,0020137972314842;
Продукция Umbrella рассчитана на массового потребителя. Эстеты оносятся к ней с презрением.;symanto/xlm-roberta-base-snli-mnli-anli-xnli;Популярность;непопулярный – известный – популярный;0,0488091774750501;
Продукция Umbrella рассчитана на массового потребителя. Эстеты оносятся к ней с презрением.;symanto/xlm-roberta-base-snli-mnli-anli-xnli;Популярность;малоизвестный – элитарный – знаменитый;-0,0257150083780289;
Продукция Umbrella рассчитана на массового потребителя. Эстеты оносятся к ней с презрением.;symanto/xlm-roberta-base-snli-mnli-anli-xnli;Надежность;ненадежный – нормальный – надежный;-0,294782415032387;
Продукция Umbrella рассчитана на массового потребителя. Эстеты оносятся к ней с презрением.;symanto/xlm-roberta-base-snli-mnli-anli-xnli;Надежность;некачественный – обычный – качественный;0,278116181492805;
Продукция Umbrella рассчитана на массового потребителя. Эстеты оносятся к ней с презрением.;symanto/xlm-roberta-base-snli-mnli-anli-xnli;Надежность;хлипкий – стандартный – прочный;-0,0164334326982498;
Продукция Umbrella рассчитана на массового потребителя. Эстеты оносятся к ней с презрением.;symanto/xlm-roberta-base-snli-mnli-anli-xnli;Уникальность;бренд для массового потребителя – доступный бренд – бренд для настоящих ценителей;-0,998841581211309;
Продукция Umbrella рассчитана на массового потребителя. Эстеты оносятся к ней с презрением.;symanto/xlm-roberta-base-snli-mnli-anli-xnli;Уникальность;массовый бренд – обычный бренд – уникальный бренд;-0,995665560360067;
Продукция Umbrella рассчитана на массового потребителя. Эстеты оносятся к ней с презрением.;symanto/xlm-roberta-base-snli-mnli-anli-xnli;Уникальность;символ дурного вкуса – простой и понятный бренд – символ хорошего вкуса;0,399615943431854;
Продукция Umbrella рассчитана на массового потребителя. Эстеты оносятся к ней с презрением.;DeepPavlov/xlm-roberta-large-en-ru-mnli;Инновационность;устаревший – сдержанный – инновационный;0,069459855556488;
Продукция Umbrella рассчитана на массового потребителя. Эстеты оносятся к ней с презрением.;DeepPavlov/xlm-roberta-large-en-ru-mnli;Инновационность;отсталый – стабильный – изобретательный;0,193608090281487;
Продукция Umbrella рассчитана на массового потребителя. Эстеты оносятся к ней с презрением.;DeepPavlov/xlm-roberta-large-en-ru-mnli;Популярность;немодный – адекватный – модный;0,813462413847446;
Продукция Umbrella рассчитана на массового потребителя. Эстеты оносятся к ней с презрением.;DeepPavlov/xlm-roberta-large-en-ru-mnli;Популярность;неактуальный – специфический – молодежный;0,75929269939661;
Продукция Umbrella рассчитана на массового потребителя. Эстеты оносятся к ней с презрением.;DeepPavlov/xlm-roberta-large-en-ru-mnli;Популярность;непопулярный – известный – популярный;0,942479036282748;
Продукция Umbrella рассчитана на массового потребителя. Эстеты оносятся к ней с презрением.;DeepPavlov/xlm-roberta-large-en-ru-mnli;Популярность;малоизвестный – элитарный – знаменитый;0,753220483660698;
Продукция Umbrella рассчитана на массового потребителя. Эстеты оносятся к ней с презрением.;DeepPavlov/xlm-roberta-large-en-ru-mnli;Надежность;ненадежный – нормальный – надежный;0,183538928627968;
Продукция Umbrella рассчитана на массового потребителя. Эстеты оносятся к ней с презрением.;DeepPavlov/xlm-roberta-large-en-ru-mnli;Надежность;некачественный – обычный – качественный;0,0432208329439163;
Продукция Umbrella рассчитана на массового потребителя. Эстеты оносятся к ней с презрением.;DeepPavlov/xlm-roberta-large-en-ru-mnli;Надежность;хлипкий – стандартный – прочный;-0,0620644614100456;
Продукция Umbrella рассчитана на массового потребителя. Эстеты оносятся к ней с презрением.;DeepPavlov/xlm-roberta-large-en-ru-mnli;Уникальность;бренд для массового потребителя – доступный бренд – бренд для настоящих ценителей;-0,0674994445871562;
Продукция Umbrella рассчитана на массового потребителя. Эстеты оносятся к ней с презрением.;DeepPavlov/xlm-roberta-large-en-ru-mnli;Уникальность;массовый бренд – обычный бренд – уникальный бренд;-0,749486857559532;
Продукция Umbrella рассчитана на массового потребителя. Эстеты оносятся к ней с презрением.;DeepPavlov/xlm-roberta-large-en-ru-mnli;Уникальность;символ дурного вкуса – простой и понятный бренд – символ хорошего вкуса;0,0283511579036713;
Продукция Umbrella рассчитана на массового потребителя. Эстеты оносятся к ней с презрением.;cointegrated/rubert-base-cased-nli-twoway;Инновационность;устаревший – сдержанный – инновационный;0,0760015323758125;
Продукция Umbrella рассчитана на массового потребителя. Эстеты оносятся к ней с презрением.;cointegrated/rubert-base-cased-nli-twoway;Инновационность;отсталый – стабильный – изобретательный;0,240195348858833;
Продукция Umbrella рассчитана на массового потребителя. Эстеты оносятся к ней с презрением.;cointegrated/rubert-base-cased-nli-twoway;Популярность;немодный – адекватный – модный;0,0648604780435562;
Продукция Umbrella рассчитана на массового потребителя. Эстеты оносятся к ней с презрением.;cointegrated/rubert-base-cased-nli-twoway;Популярность;неактуальный – специфический – молодежный;-0,586984571069479;
Продукция Umbrella рассчитана на массового потребителя. Эстеты оносятся к ней с презрением.;cointegrated/rubert-base-cased-nli-twoway;Популярность;непопулярный – известный – популярный;0,263667732477188;
Продукция Umbrella рассчитана на массового потребителя. Эстеты оносятся к ней с презрением.;cointegrated/rubert-base-cased-nli-twoway;Популярность;малоизвестный – элитарный – знаменитый;-0,0840543210506439;
Продукция Umbrella рассчитана на массового потребителя. Эстеты оносятся к ней с презрением.;cointegrated/rubert-base-cased-nli-twoway;Надежность;ненадежный – нормальный – надежный;-0,340515606105328;
Продукция Umbrella рассчитана на массового потребителя. Эстеты оносятся к ней с презрением.;cointegrated/rubert-base-cased-nli-twoway;Надежность;некачественный – обычный – качественный;0,608634725213051;
Продукция Umbrella рассчитана на массового потребителя. Эстеты оносятся к ней с презрением.;cointegrated/rubert-base-cased-nli-twoway;Надежность;хлипкий – стандартный – прочный;-0,165937691926956;
Продукция Umbrella рассчитана на массового потребителя. Эстеты оносятся к ней с презрением.;cointegrated/rubert-base-cased-nli-twoway;Уникальность;бренд для массового потребителя – доступный бренд – бренд для настоящих ценителей;-0,00112226605415344;
Продукция Umbrella рассчитана на массового потребителя. Эстеты оносятся к ней с презрением.;cointegrated/rubert-base-cased-nli-twoway;Уникальность;массовый бренд – обычный бренд – уникальный бренд;-0,31952577829361;
Продукция Umbrella рассчитана на массового потребителя. Эстеты оносятся к ней с презрением.;cointegrated/rubert-base-cased-nli-twoway;Уникальность;символ дурного вкуса – простой и понятный бренд – символ хорошего вкуса;-0,288978695869446;
Продукция Umbrella рассчитана на массового потребителя. Эстеты оносятся к ней с презрением.;llama3.2:latest;Инновационность;;0;Недостаточно информации о инновациях и innovativности продукции Y
Продукция Umbrella рассчитана на массового потребителя. Эстеты оносятся к ней с презрением.;llama3.2:latest;Популярность;;-1;Текст suggests, что Y не является популярным брендом, поскольку его продукция не понимается или не ценится mass-audience
Продукция Umbrella рассчитана на массового потребителя. Эстеты оносятся к ней с презрением.;llama3.2:latest;Надежность;;0;Недостаточно информации о надежности продукции Y
Продукция Umbrella рассчитана на массового потребителя. Эстеты оносятся к ней с презрением.;llama3.2:latest;Уникальность;;-1;Текст suggests, что Y не является уникальным брендом, поскольку его продукция не отличается от других и не понимается mass-audience
Продукция Umbrella рассчитана на массового потребителя. Эстеты оносятся к ней с презрением.;deepseek-r1:14b;Инновационность;;0;Текст не предоставляет информации о инновационности бренда Y.
Продукция Umbrella рассчитана на массового потребителя. Эстеты оносятся к ней с презрением.;deepseek-r1:14b;Популярность;;0,8;Продукция Y рассчитана на массового потребителя, что может указывать на ее популярность.
Продукция Umbrella рассчитана на массового потребителя. Эстеты оносятся к ней с презрением.;deepseek-r1:14b;Надежность;;0;Текст не предоставляет информации о надежности продукции Y.
Продукция Umbrella рассчитана на массового потребителя. Эстеты оносятся к ней с презрением.;deepseek-r1:14b;Уникальность;;-0,6;Продукция Y воспринимается как бренд для массового потребителя, что может свидетельствовать о недостаточной уникальности.
Продукты компании Umbrella становятся все более популярными среди разработчиков благодаря своей уникальной архитектуре.;joeddav/xlm-roberta-large-xnli;Инновационность;устаревший – сдержанный – инновационный;0,889857154339552;
Продукты компании Umbrella становятся все более популярными среди разработчиков благодаря своей уникальной архитектуре.;joeddav/xlm-roberta-large-xnli;Инновационность;отсталый – стабильный – изобретательный;0,921730617061257;
Продукты компании Umbrella становятся все более популярными среди разработчиков благодаря своей уникальной архитектуре.;joeddav/xlm-roberta-large-xnli;Популярность;немодный – адекватный – модный;0,923957419581711;
Продукты компании Umbrella становятся все более популярными среди разработчиков благодаря своей уникальной архитектуре.;joeddav/xlm-roberta-large-xnli;Популярность;неактуальный – специфический – молодежный;0,00120444293133914;
Продукты компании Umbrella становятся все более популярными среди разработчиков благодаря своей уникальной архитектуре.;joeddav/xlm-roberta-large-xnli;Популярность;непопулярный – известный – популярный;0,678330250433646;
Продукты компании Umbrella становятся все более популярными среди разработчиков благодаря своей уникальной архитектуре.;joeddav/xlm-roberta-large-xnli;Популярность;малоизвестный – элитарный – знаменитый;0,809697791934013;
Продукты компании Umbrella становятся все более популярными среди разработчиков благодаря своей уникальной архитектуре.;joeddav/xlm-roberta-large-xnli;Надежность;ненадежный – нормальный – надежный;0,179441899061203;
Продукты компании Umbrella становятся все более популярными среди разработчиков благодаря своей уникальной архитектуре.;joeddav/xlm-roberta-large-xnli;Надежность;некачественный – обычный – качественный;0,416883088648319;
Продукты компании Umbrella становятся все более популярными среди разработчиков благодаря своей уникальной архитектуре.;joeddav/xlm-roberta-large-xnli;Надежность;хлипкий – стандартный – прочный;0,253996610641479;
Продукты компании Umbrella становятся все более популярными среди разработчиков благодаря своей уникальной архитектуре.;joeddav/xlm-roberta-large-xnli;Уникальность;бренд для массового потребителя – доступный бренд – бренд для настоящих ценителей;0,940889393910766;
Продукты компании Umbrella становятся все более популярными среди разработчиков благодаря своей уникальной архитектуре.;joeddav/xlm-roberta-large-xnli;Уникальность;массовый бренд – обычный бренд – уникальный бренд;0,94202071800828;
Продукты компании Umbrella становятся все более популярными среди разработчиков благодаря своей уникальной архитектуре.;joeddav/xlm-roberta-large-xnli;Уникальность;символ дурного вкуса – простой и понятный бренд – символ хорошего вкуса;0,229848276823759;
Интересно, как Umbrella использует искусственный интеллект для оптимизации своих услуг, что выделяет их среди конкурентов.;joeddav/xlm-roberta-large-xnli;Инновационность;устаревший – сдержанный – инновационный;0,563419472426176;
Интересно, как Umbrella использует искусственный интеллект для оптимизации своих услуг, что выделяет их среди конкурентов.;joeddav/xlm-roberta-large-xnli;Инновационность;отсталый – стабильный – изобретательный;0,973922469653189;
Интересно, как Umbrella использует искусственный интеллект для оптимизации своих услуг, что выделяет их среди конкурентов.;joeddav/xlm-roberta-large-xnli;Популярность;немодный – адекватный – модный;0,177005723118782;
Интересно, как Umbrella использует искусственный интеллект для оптимизации своих услуг, что выделяет их среди конкурентов.;joeddav/xlm-roberta-large-xnli;Популярность;неактуальный – специфический – молодежный;-0,000489903381094337;
Интересно, как Umbrella использует искусственный интеллект для оптимизации своих услуг, что выделяет их среди конкурентов.;joeddav/xlm-roberta-large-xnli;Популярность;непопулярный – известный – популярный;0,0546499816700816;
Интересно, как Umbrella использует искусственный интеллект для оптимизации своих услуг, что выделяет их среди конкурентов.;joeddav/xlm-roberta-large-xnli;Популярность;малоизвестный – элитарный – знаменитый;0,000286262482404709;
Интересно, как Umbrella использует искусственный интеллект для оптимизации своих услуг, что выделяет их среди конкурентов.;joeddav/xlm-roberta-large-xnli;Надежность;ненадежный – нормальный – надежный;0,200225412845612;
Интересно, как Umbrella использует искусственный интеллект для оптимизации своих услуг, что выделяет их среди конкурентов.;joeddav/xlm-roberta-large-xnli;Надежность;некачественный – обычный – качественный;0,587673269212246;
Интересно, как Umbrella использует искусственный интеллект для оптимизации своих услуг, что выделяет их среди конкурентов.;joeddav/xlm-roberta-large-xnli;Надежность;хлипкий – стандартный – прочный;0,415952414274216;
Интересно, как Umbrella использует искусственный интеллект для оптимизации своих услуг, что выделяет их среди конкурентов.;joeddav/xlm-roberta-large-xnli;Уникальность;бренд для массового потребителя – доступный бренд – бренд для настоящих ценителей;0,11300066113472;
Интересно, как Umbrella использует искусственный интеллект для оптимизации своих услуг, что выделяет их среди конкурентов.;joeddav/xlm-roberta-large-xnli;Уникальность;массовый бренд – обычный бренд – уникальный бренд;0,88980820029974;
Интересно, как Umbrella использует искусственный интеллект для оптимизации своих услуг, что выделяет их среди конкурентов.;joeddav/xlm-roberta-large-xnli;Уникальность;символ дурного вкуса – простой и понятный бренд – символ хорошего вкуса;0,465163841843605;
На выставке кулинарии были представлены блюда, приготовленные шеф-поваром, который работал в Umbrella.;joeddav/xlm-roberta-large-xnli;Инновационность;устаревший – сдержанный – инновационный;0,504332594573498;
На выставке кулинарии были представлены блюда, приготовленные шеф-поваром, который работал в Umbrella.;joeddav/xlm-roberta-large-xnli;Инновационность;отсталый – стабильный – изобретательный;0,0801697224378586;
На выставке кулинарии были представлены блюда, приготовленные шеф-поваром, который работал в Umbrella.;joeddav/xlm-roberta-large-xnli;Популярность;немодный – адекватный – модный;0,540375523269176;
На выставке кулинарии были представлены блюда, приготовленные шеф-поваром, который работал в Umbrella.;joeddav/xlm-roberta-large-xnli;Популярность;неактуальный – специфический – молодежный;0,0587541162967682;
На выставке кулинарии были представлены блюда, приготовленные шеф-поваром, который работал в Umbrella.;joeddav/xlm-roberta-large-xnli;Популярность;непопулярный – известный – популярный;0,211831375956535;
На выставке кулинарии были представлены блюда, приготовленные шеф-поваром, который работал в Umbrella.;joeddav/xlm-roberta-large-xnli;Популярность;малоизвестный – элитарный – знаменитый;0,268823631107807;
На выставке кулинарии были представлены блюда, приготовленные шеф-поваром, который работал в Umbrella.;joeddav/xlm-roberta-large-xnli;Надежность;ненадежный – нормальный – надежный;0,373770028352737;
На выставке кулинарии были представлены блюда, приготовленные шеф-поваром, который работал в Umbrella.;joeddav/xlm-roberta-large-xnli;Надежность;некачественный – обычный – качественный;0,454668305814266;
На выставке кулинарии были представлены блюда, приготовленные шеф-поваром, который работал в Umbrella.;joeddav/xlm-roberta-large-xnli;Надежность;хлипкий – стандартный – прочный;0,492612808942795;
На выставке кулинарии были представлены блюда, приготовленные шеф-поваром, который работал в Umbrella.;joeddav/xlm-roberta-large-xnli;Уникальность;бренд для массового потребителя – доступный бренд – бренд для настоящих ценителей;0,104094386100769;
На выставке кулинарии были представлены блюда, приготовленные шеф-поваром, который работал в Umbrella.;joeddav/xlm-roberta-large-xnli;Уникальность;массовый бренд – обычный бренд – уникальный бренд;0,404763102531433;
На выставке кулинарии были представлены блюда, приготовленные шеф-поваром, который работал в Umbrella.;joeddav/xlm-roberta-large-xnli;Уникальность;символ дурного вкуса – простой и понятный бренд – символ хорошего вкуса;0,460103765130043;
Если вы ищете массовые вещи, Umbrella не для вас. Это бренд для настоящих эстетов.;joeddav/xlm-roberta-large-xnli;Инновационность;устаревший – сдержанный – инновационный;0,0665161218494177;
Если вы ищете массовые вещи, Umbrella не для вас. Это бренд для настоящих эстетов.;joeddav/xlm-roberta-large-xnli;Инновационность;отсталый – стабильный – изобретательный;0,0739295855164528;
Если вы ищете массовые вещи, Umbrella не для вас. Это бренд для настоящих эстетов.;joeddav/xlm-roberta-large-xnli;Популярность;немодный – адекватный – модный;-0,0218533277511597;
Если вы ищете массовые вещи, Umbrella не для вас. Это бренд для настоящих эстетов.;joeddav/xlm-roberta-large-xnli;Популярность;неактуальный – специфический – молодежный;-0,0280946157872677;
Если вы ищете массовые вещи, Umbrella не для вас. Это бренд для настоящих эстетов.;joeddav/xlm-roberta-large-xnli;Популярность;непопулярный – известный – популярный;-0,429502584040165;
Если вы ищете массовые вещи, Umbrella не для вас. Это бренд для настоящих эстетов.;joeddav/xlm-roberta-large-xnli;Популярность;малоизвестный – элитарный – знаменитый;-0,0547167179174721;
Если вы ищете массовые вещи, Umbrella не для вас. Это бренд для настоящих эстетов.;joeddav/xlm-roberta-large-xnli;Надежность;ненадежный – нормальный – надежный;-0,0219594165682793;
Если вы ищете массовые вещи, Umbrella не для вас. Это бренд для настоящих эстетов.;joeddav/xlm-roberta-large-xnli;Надежность;некачественный – обычный – качественный;0,0654576569795609;
Если вы ищете массовые вещи, Umbrella не для вас. Это бренд для настоящих эстетов.;joeddav/xlm-roberta-large-xnli;Надежность;хлипкий – стандартный – прочный;-0,102877449244261;
Если вы ищете массовые вещи, Umbrella не для вас. Это бренд для настоящих эстетов.;joeddav/xlm-roberta-large-xnli;Уникальность;бренд для массового потребителя – доступный бренд – бренд для настоящих ценителей;0,975564208696596;
Если вы ищете массовые вещи, Umbrella не для вас. Это бренд для настоящих эстетов.;joeddav/xlm-roberta-large-xnli;Уникальность;массовый бренд – обычный бренд – уникальный бренд;0,906054968014359;
Если вы ищете массовые вещи, Umbrella не для вас. Это бренд для настоящих эстетов.;joeddav/xlm-roberta-large-xnli;Уникальность;символ дурного вкуса – простой и понятный бренд – символ хорошего вкуса;0,957749902969226;
Umbrella — это не просто бренд, это стиль жизни! Кто со мной согласен?;joeddav/xlm-roberta-large-xnli;Инновационность;устаревший – сдержанный – инновационный;0,911221548914909;
Umbrella — это не просто бренд, это стиль жизни! Кто со мной согласен?;joeddav/xlm-roberta-large-xnli;Инновационность;отсталый – стабильный – изобретательный;0,876341180875897;
Umbrella — это не просто бренд, это стиль жизни! Кто со мной согласен?;joeddav/xlm-roberta-large-xnli;Популярность;немодный – адекватный – модный;0,912610620260239;
Umbrella — это не просто бренд, это стиль жизни! Кто со мной согласен?;joeddav/xlm-roberta-large-xnli;Популярность;неактуальный – специфический – молодежный;0,38380296388641;
Umbrella — это не просто бренд, это стиль жизни! Кто со мной согласен?;joeddav/xlm-roberta-large-xnli;Популярность;непопулярный – известный – популярный;0,732840860495344;
Umbrella — это не просто бренд, это стиль жизни! Кто со мной согласен?;joeddav/xlm-roberta-large-xnli;Популярность;малоизвестный – элитарный – знаменитый;0,15787935629487;
Umbrella — это не просто бренд, это стиль жизни! Кто со мной согласен?;joeddav/xlm-roberta-large-xnli;Надежность;ненадежный – нормальный – надежный;0,061071902513504;
Umbrella — это не просто бренд, это стиль жизни! Кто со мной согласен?;joeddav/xlm-roberta-large-xnli;Надежность;некачественный – обычный – качественный;0,659772172570229;
Umbrella — это не просто бренд, это стиль жизни! Кто со мной согласен?;joeddav/xlm-roberta-large-xnli;Надежность;хлипкий – стандартный – прочный;0,413493767380714;
Umbrella — это не просто бренд, это стиль жизни! Кто со мной согласен?;joeddav/xlm-roberta-large-xnli;Уникальность;бренд для массового потребителя – доступный бренд – бренд для настоящих ценителей;0,880311626940966;
Umbrella — это не просто бренд, это стиль жизни! Кто со мной согласен?;joeddav/xlm-roberta-large-xnli;Уникальность;массовый бренд – обычный бренд – уникальный бренд;0,982896015513688;
Umbrella — это не просто бренд, это стиль жизни! Кто со мной согласен?;joeddav/xlm-roberta-large-xnli;Уникальность;символ дурного вкуса – простой и понятный бренд – символ хорошего вкуса;0,997652352467412;
Umbrella — это не просто бренд, это стиль жизни! Кто со мной согласен?;phi4:latest;Инновационность;;0;Текст не содержит информации о том, насколько бренд Y инновационный или устаревший.
Umbrella — это не просто бренд, это стиль жизни! Кто со мной согласен?;phi4:latest;Популярность;;0,6;Фраза Y — это не просто бренд, это стиль жизни! может указывать на то, что Y имеет определенную популярность и ассоциируется с определенным образом жизни.
Umbrella — это не просто бренд, это стиль жизни! Кто со мной согласен?;phi4:latest;Надежность;;0;Текст не содержит информации о надежности продукции бренда Y.
Umbrella — это не просто бренд, это стиль жизни! Кто со мной согласен?;phi4:latest;Уникальность;;0,8;Выражение Y — это стиль жизни предполагает, что бренд воспринимается как уникальный и может быть символом изысканного вкуса.
